{"stats":{"minecraft:used":{"minecraft:golden_leggings":1,"minecraft:iron_chestplate":1,"minecraft:bread":4,"minecraft:iron_helmet":1,"alexsmobs:animal_dictionary":2,"minecraft:iron_sword":1,"minecraft:iron_boots":1,"minecraft:iron_leggings":1,"minecraft:golden_helmet":1},"minecraft:mined":{"minecraft:grass":55,"minecraft:tall_grass":24},"minecraft:custom":{"minecraft:time_since_rest":9616,"minecraft:open_chest":5,"minecraft:interact_with_smithing_table":1,"minecraft:crouch_one_cm":457,"minecraft:play_time":9616,"minecraft:sprint_one_cm":68629,"minecraft:damage_taken":340,"minecraft:walk_one_cm":25820,"minecraft:sneak_time":122,"minecraft:mob_kills":1,"minecraft:drop":1,"minecraft:jump":255,"minecraft:eat_cake_slice":1,"minecraft:damage_dealt":60,"minecraft:leave_game":1,"minecraft:walk_on_water_one_cm":179,"minecraft:time_since_death":9616,"minecraft:total_world_time":9616,"minecraft:climb_one_cm":1447,"minecraft:talked_to_villager":1,"minecraft:fall_one_cm":11101,"minecraft:fly_one_cm":48633},"minecraft:killed":{"alexsmobs:flying_fish":1},"minecraft:picked_up":{"minecraft:iron_shovel":1,"minecraft:bow":1,"minecraft:wheat_seeds":8,"minecraft:iron_pickaxe":1,"minecraft:emerald":4,"minecraft:iron_sword":1,"alexsmobs:flying_fish":1},"minecraft:dropped":{"alexsmobs:flying_fish":1}},"DataVersion":3465}