{"stats":{"minecraft:mined":{"minecraft:grass":1,"minecraft:acacia_log":44,"minecraft:coarse_dirt":3,"minecraft:dirt":1,"minecraft:tall_grass":1,"minecraft:stone":18},"minecraft:killed":{"minecraft:chicken":1},"minecraft:custom":{"minecraft:time_since_rest":5547,"minecraft:play_time":5547,"minecraft:sprint_one_cm":16237,"minecraft:damage_taken":60,"minecraft:walk_one_cm":6642,"minecraft:mob_kills":1,"minecraft:jump":189,"minecraft:damage_dealt":40,"minecraft:walk_on_water_one_cm":639,"minecraft:time_since_death":5547,"minecraft:total_world_time":5547,"minecraft:interact_with_crafting_table":4,"minecraft:fall_one_cm":7830,"minecraft:fly_one_cm":38811},"minecraft:picked_up":{"minecraft:chicken":1,"minecraft:stick":1,"minecraft:coarse_dirt":3,"minecraft:feather":1,"minecraft:acacia_log":43,"minecraft:acacia_sapling":7,"minecraft:dirt":1,"minecraft:cobblestone":18},"minecraft:used":{"minecraft:stone_axe":20,"minecraft:wooden_axe":32,"minecraft:stone_sword":2,"minecraft:dirt":1,"minecraft:cobblestone":1,"minecraft:crafting_table":1,"minecraft:wooden_pickaxe":18,"minecraft:coarse_dirt":3},"minecraft:crafted":{"minecraft:stone_sword":1,"minecraft:acacia_planks":24,"minecraft:stone_axe":1,"minecraft:crafting_table":1,"minecraft:stick":12,"minecraft:stone_pickaxe":1,"minecraft:wooden_pickaxe":1,"minecraft:wooden_axe":1}},"DataVersion":3465}